0,1,松井　裕樹
1,11,岸　孝之
2,12,近藤　弘樹
3,13,森原　康平
4,14,則本　昂大
5,15,Ｊ．Ｔ．シャギワ
6,16,涌井　秀章
7,17,塩見　貴洋
8,19,藤平　尚真
9,20,安樂　智大
10,21,釜田　佳直
11,22,牧田　和久
12,23,弓削　隼人
13,28,酒居　知史
14,31,福井　優也
15,32,ブセニッツ
16,39,引地　秀一郎
17,41,青山　浩二
18,43,宋　家豪
19,45,菅原　秀
20,47,渡邊　佑樹
21,49,福森　耀真
22,52,津留﨑　大成
23,53,高梨　雄平
24,56,鈴木　翔天
25,57,瀧中　瞭太
26,58,辛島　航
27,59,熊原　健人
28,60,石橋　良太
29,61,佐藤　智輝
30,62,西口　直人
31,63,由規
32,68,寺岡　寛治
33,91,久保　裕也
34,2,太田　光
35,27,岡島　豪郎
36,29,山下　斐紹
37,44,足立　祐一
38,65,堀内　謙伍
39,67,下妻　貴寛
40,70,石原　彪
41,78,水上　桂
42,0,小深田　大翔
43,3,浅村　栄斗
44,5,茂木　栄五郎
45,6,藤田　一也
46,7,鈴木　大地
47,24,黒川　史陽
48,26,渡辺　直人
49,33,銀次
50,34,山﨑　幹史
51,36,内田　靖人
52,40,ウィーラー
53,48,渡邊　佳明
54,66,村林　一輝
55,4,オコエ　瑠偉
56,8,辰己　涼介
57,25,田中　和基
58,35,島内　宏明
59,38,岩見　雅紀
60,46,下水流　昂
61,51,小郷　裕哉
62,54,和田　恋
63,69,ブラッシュ
64,71,武藤　敦貴
65,97,フェルナンド
66,99,ロメロ
67,016,森　雄大
68,017,王　彦程
69,130,池田　隆英
70,131,木村　敏靖
71,135,清宮　虎多朗
72,136,則本　佳樹
73,138,小峯　新陸
74,164,福山　博之
75,137,江川　侑斗
76,008,吉持　亮汰
77,129,南　要輔
78,133,松本　京志郎
79,140,山﨑　真彰
80,141,澤野　聖悠
81,134,中村　和希
82,150,耀飛
