0,11,今井　達也
1,12,渡邉　勇太朗
2,13,髙橋　光成
3,14,増田　達至
4,15,宮川　哲
5,16,松坂　大輔
6,17,松本　航
7,19,齊藤　大将
8,20,浜屋　将太
9,21,十亀　剣
10,23,野田　昇吾
11,25,平井　克典
12,26,粟津　凱士
13,27,内海　哲也
14,28,森脇　亮介
15,29,小川　龍也
16,30,榎田　大樹
17,33,ギャレット
18,34,佐野　泰雄
19,36,伊藤　翔
20,40,田村　伊知郎
21,41,井上　広輝
22,44,與座　海人
23,45,本田　圭佑
24,47,松岡　洸希
25,48,武隈　祥太
26,49,ノリン
27,50,中塚　駿太
28,54,ニール
29,57,國場　翼
30,61,平良　海馬
31,64,上間　永遠
32,66,相内　誠
33,67,藤田　航生
34,2,岡田　雅利
35,10,森　友哉
36,37,柘植　世那
37,38,牧野　翔矢
38,62,駒月　仁人
39,78,齊藤　誠人
40,0,水口　大地
41,3,山川　穂高
42,4,山野辺　翔
43,5,外崎　修汰
44,6,源田　壮亮
45,31,佐藤　龍世
46,32,永江　恭平
47,39,呉　念庭
48,52,山田　遥楓
49,56,川野　涼多
50,59,森越　祐人
51,60,中村　剛也
52,63,綱島　龍生
53,99,メヒア
54,1,栗山　巧
55,7,金子　侑司
56,9,木村　文紀
57,22,スパンジェンバーグ
58,46,鈴木　将平
59,51,西川　愛也
60,53,愛斗
61,58,熊代　聖人
62,65,戸川　大輔
63,68,岸　潤一郎
64,72,川越　誠司
65,73,高木　渉
66,120,出井　敏博
67,123,髙橋　朋己
68,125,東野　葵
69,126,大窪　士夢
70,127,中熊　大智
